Iteration,X,Y,Z,Goal_X,Goal_Y,Goal_Z,P_Err,R_Err,Q1,Q2,Q3,Q4,Q5,Q6
0,0.0969198,0.0345068,1.01448,0.107866,0.0345,1.03618,0.0243062,0.0239886,-0.0180265,-41.9037,86.1438,0.0246362,45.736,-0.0172479
1,0.108103,0.0345035,1.03578,0.107866,0.0345,1.03618,0.000463746,0.000238754,-0.0160763,-39.7544,83.0838,0.0220265,46.6703,-0.0150869
2,0.107866,0.0345024,1.03618,0.107866,0.0345,1.03618,2.50198e-06,2.15543e-05,-0.0108235,-39.7422,83.0246,0.0148406,46.7176,-0.0101708
3,0.107866,0.0345017,1.03618,0.107866,0.0345,1.03618,1.68631e-06,1.07592e-05,-0.00745443,-39.7421,83.0246,0.0102251,46.7175,-0.00701059
4,0.107866,0.0345012,1.03618,0.107866,0.0345,1.03618,1.16188e-06,7.41261e-06,-0.00513641,-39.742,83.0246,0.00704552,46.7174,-0.00483061
5,0.107866,0.0345008,1.03618,0.107866,0.0345,1.03618,8.00585e-07,5.10841e-06,-0.00353936,-39.7419,83.0246,0.00485487,46.7173,-0.00332864
